"Art, Design & Architecture",Business & Management,Computer Science & Technology,Education & Teaching,Data Science & Analytics,Social Sciences,Science & Math,"Energy, Climate & Sustainbility",Engineering ,Humanities,Innovation & Entrepreneurship,Health & Medicine
Architecture,Entrepreneurship,AI,Pedagogy and Curriculum,Machine Learning,Anthropology,Biology,Energy,Aerospace Engineering,History,Startups/New Enterprises,Biomedical Technologies
Environmental Deisgn,Organizations & Leadership,Programming,Education Policy,Visualization,Communication,Chemistry,Environmental and Climate Justice,Biological Engineering,Languages,Corporate Innovation,Health Care Management
Game Design,Negotiation & Communication,Software Design and Engineering,Educational Technology,Coding,Economics,Cognitive Science,Climate Science,Chemical Engineering,Linguistics,Innovation Process,Immunology
Performing Arts,Marketing,Algorithms and Data Structures,Digital Learning,,Geography,Earth Science,Built Environment,Civil Engineering,LIterature,Product Innovation,Imaging
Visual Arts,Supply Chain,Networks and Security,Faculty Leadership,,Law,Physics,Natural Systems,Electrical Engineering,Philosophy,Inventions & Patents,Mental Health
Media Studies,Finance & Accounting,Machine Learning,,,Political Science,Mathematics,Adaptation and Resilience,Environmental Engineering,Music,Innovation Ecosystems,Pathology and Pathophysiology
Real Estate,Operations,User Experience,,,Psychology,,Policy,Materials Science and Engineering,,,Pharmacology & Toxicology
,Family Enterprise,Blockchain,,,Policy and Administration,,Sustainable Business ,Nuclear Engineering,,,Public Health
,Business Analytics,AR/VR/MR/XR,,,Sociology,,,Ocean Engineering,,,
,Systems Thinking,CyberSecurity,,,Urban Studies,,,Systems Engineering,,,
,Strategy & Innovation,,,,Gender Studies,,,,,,
,Digital Business & IT,,,,International Development,,,,,,
